date_t1,true_t1,pred_t1,date_t2,true_t2,pred_t2,date_t3,true_t3,pred_t3
2023-08-31,35.28,35.56008,2023-09-01,35.55,35.54353,2023-09-04,35.81,35.43415
2023-09-01,35.55,35.424118,2023-09-04,35.81,35.41063,2023-09-05,35.53,35.3174
2023-09-04,35.81,35.596424,2023-09-05,35.53,35.557907,2023-09-06,35.17,35.50091
2023-09-05,35.53,35.840446,2023-09-06,35.17,35.78855,2023-09-07,34.3,35.753334
2023-09-06,35.17,35.640957,2023-09-07,34.3,35.58794,2023-09-08,33.98,35.560543
2023-09-07,34.3,35.33588,2023-09-08,33.98,35.299362,2023-09-11,34.0,35.272984
2023-09-08,33.98,34.592712,2023-09-11,34.0,34.576553,2023-09-12,33.77,34.56191
2023-09-11,34.0,34.210186,2023-09-12,33.77,34.20532,2023-09-13,33.23,34.174732
2023-09-12,33.77,34.168743,2023-09-13,33.23,34.177757,2023-09-14,33.24,34.123898
2023-09-13,33.23,33.99477,2023-09-14,33.24,34.011696,2023-09-15,32.55,33.94737
2023-09-14,33.24,33.613884,2023-09-15,32.55,33.661076,2023-09-18,32.49,33.57771
2023-09-15,32.55,33.575542,2023-09-18,32.49,33.596054,2023-09-19,31.85,33.525196
2023-09-18,32.49,33.044632,2023-09-19,31.85,33.104618,2023-09-20,32.01,33.018635
2023-09-19,31.85,32.878555,2023-09-20,32.01,32.950584,2023-09-21,31.92,32.85161
2023-09-20,32.01,32.32531,2023-09-21,31.92,32.445267,2023-09-22,33.2,32.30714
2023-09-21,31.92,32.341183,2023-09-22,33.2,32.429157,2023-09-25,33.05,32.298252
2023-09-22,33.2,32.20323,2023-09-25,33.05,32.303535,2023-09-26,33.49,32.153553
2023-09-25,33.05,33.297436,2023-09-26,33.49,33.324303,2023-09-27,33.45,33.193466
2023-09-26,33.49,33.278793,2023-09-27,33.45,33.324726,2023-09-28,33.8,33.17451
2023-09-27,33.45,33.80409,2023-09-28,33.8,33.83566,2023-10-09,34.01,33.691666
2023-09-28,33.8,33.722828,2023-10-09,34.01,33.744465,2023-10-10,33.81,33.630047
2023-10-09,34.01,34.016598,2023-10-10,33.81,34.00413,2023-10-11,34.18,33.915977
2023-10-10,33.81,34.17333,2023-10-11,34.18,34.15654,2023-10-12,34.6,34.070766
2023-10-11,34.18,34.049942,2023-10-12,34.6,34.02677,2023-10-13,34.41,33.955673
2023-10-12,34.6,34.330055,2023-10-13,34.41,34.287567,2023-10-16,33.77,34.224556
2023-10-13,34.41,34.682095,2023-10-16,33.77,34.622536,2023-10-17,33.94,34.574665
2023-10-16,33.77,34.581936,2023-10-17,33.94,34.517284,2023-10-18,33.69,34.48649
2023-10-17,33.94,34.08336,2023-10-18,33.69,34.039635,2023-10-19,33.24,34.032516
2023-10-18,33.69,34.159683,2023-10-19,33.24,34.092827,2023-10-20,32.69,34.096443
2023-10-19,33.24,33.93405,2023-10-20,32.69,33.87345,2023-10-23,33.8,33.880413
2023-10-20,32.69,33.577045,2023-10-23,33.8,33.543552,2023-10-24,33.87,33.531574
2023-10-23,33.8,33.078964,2023-10-24,33.87,33.092903,2023-10-25,35.27,33.058533
2023-10-24,33.87,34.015816,2023-10-25,35.27,33.98688,2023-10-26,35.34,33.950195
2023-10-25,35.27,34.1109,2023-10-26,35.34,34.100113,2023-10-27,35.9,34.043243
2023-10-26,35.34,35.403008,2023-10-27,35.9,35.37177,2023-10-30,36.56,35.31924
2023-10-27,35.9,35.432213,2023-10-30,36.56,35.399204,2023-10-31,36.45,35.354744
2023-10-30,36.56,35.934017,2023-10-31,36.45,35.88887,2023-11-01,36.17,35.85542
2023-10-31,36.45,36.424385,2023-11-01,36.17,36.366104,2023-11-02,35.87,36.34551
2023-11-01,36.17,36.28799,2023-11-02,35.87,36.206577,2023-11-03,35.81,36.211746
2023-11-02,35.87,36.008736,2023-11-03,35.81,35.924286,2023-11-06,36.93,35.937687
2023-11-03,35.81,35.701015,2023-11-06,36.93,35.60814,2023-11-07,36.86,35.630108
2023-11-06,36.93,35.63448,2023-11-07,36.86,35.536934,2023-11-08,37.22,35.547886
2023-11-07,36.86,36.553265,2023-11-08,37.22,36.462475,2023-11-09,37.07,36.453907
2023-11-08,37.22,36.602375,2023-11-09,37.07,36.512707,2023-11-10,37.18,36.50344
2023-11-09,37.07,36.944004,2023-11-10,37.18,36.852062,2023-11-13,37.24,36.846447
2023-11-10,37.18,36.872158,2023-11-13,37.24,36.75966,2023-11-14,36.49,36.79052
2023-11-13,37.24,36.921844,2023-11-14,36.49,36.787636,2023-11-15,36.65,36.836414
2023-11-14,36.49,36.9475,2023-11-15,36.65,36.796227,2023-11-16,36.0,36.852398
2023-11-15,36.65,36.44087,2023-11-16,36.0,36.320152,2023-11-17,35.71,36.385098
2023-11-16,36.0,36.517338,2023-11-17,35.71,36.399685,2023-11-20,35.79,36.438988
2023-11-17,35.71,35.993256,2023-11-20,35.79,35.906227,2023-11-21,35.87,35.932842
2023-11-20,35.79,35.75396,2023-11-21,35.87,35.70409,2023-11-22,35.55,35.69193
2023-11-21,35.87,35.76524,2023-11-22,35.55,35.721035,2023-11-23,35.85,35.690845
2023-11-22,35.55,35.883446,2023-11-23,35.85,35.827183,2023-11-24,35.81,35.78331
2023-11-23,35.85,35.66864,2023-11-24,35.81,35.6219,2023-11-27,35.28,35.567
2023-11-24,35.81,35.90209,2023-11-27,35.28,35.83296,2023-11-28,35.28,35.78042
2023-11-27,35.28,35.92598,2023-11-28,35.28,35.86819,2023-11-29,35.02,35.810898
2023-11-28,35.28,35.55999,2023-11-29,35.02,35.53813,2023-11-30,34.79,35.46375
2023-11-29,35.02,35.48896,2023-11-30,34.79,35.482754,2023-12-01,35.5,35.392998
2023-11-30,34.79,35.25672,2023-12-01,35.5,35.262325,2023-12-04,34.9,35.1623
2023-12-01,35.5,35.059734,2023-12-04,34.9,35.08896,2023-12-05,33.8,34.962822
2023-12-04,34.9,35.60244,2023-12-05,33.8,35.59974,2023-12-06,33.6,35.476948
2023-12-05,33.8,35.241802,2023-12-06,33.6,35.252583,2023-12-07,33.09,35.124172
2023-12-06,33.6,34.34845,2023-12-07,33.09,34.417206,2023-12-08,32.65,34.277653
2023-12-07,33.09,34.002045,2023-12-08,32.65,34.066757,2023-12-11,34.18,33.94067
2023-12-08,32.65,33.498848,2023-12-11,34.18,33.581554,2023-12-12,34.02,33.44963
2023-12-11,34.18,33.150227,2023-12-12,34.02,33.26122,2023-12-13,33.5,33.094738
2023-12-12,34.02,34.352264,2023-12-13,33.5,34.362244,2023-12-14,33.32,34.24416
2023-12-13,33.5,34.2701,2023-12-14,33.32,34.293884,2023-12-15,33.31,34.163773
2023-12-14,33.32,33.877666,2023-12-15,33.31,33.924976,2023-12-18,33.14,33.790947
2023-12-15,33.31,33.61078,2023-12-18,33.14,33.64976,2023-12-19,33.32,33.54687
2023-12-18,33.14,33.5231,2023-12-19,33.32,33.538372,2023-12-20,32.8,33.46317
2023-12-19,33.32,33.35549,2023-12-20,32.8,33.385513,2023-12-21,32.88,33.28375
2023-12-20,32.8,33.482655,2023-12-21,32.88,33.507145,2023-12-22,32.7,33.395435
2023-12-21,32.88,33.11507,2023-12-22,32.7,33.163574,2023-12-25,32.94,33.046207
2023-12-22,32.7,33.163548,2023-12-25,32.94,33.214054,2023-12-26,32.8,33.094837
2023-12-25,32.94,32.999744,2023-12-26,32.8,33.06357,2023-12-27,32.94,32.941597
2023-12-26,32.8,33.198284,2023-12-27,32.94,33.239925,2023-12-28,33.85,33.13474
2023-12-27,32.94,33.11936,2023-12-28,33.85,33.16237,2023-12-29,34.72,33.058735
2023-12-28,33.85,33.27077,2023-12-29,34.72,33.293648,2024-01-02,33.77,33.20044
2023-12-29,34.72,34.05589,2024-01-02,33.77,34.03188,2024-01-03,33.06,33.96117
2024-01-02,33.77,34.84181,2024-01-03,33.06,34.81024,2024-01-04,32.58,34.74659
2024-01-03,33.06,34.228973,2024-01-04,32.58,34.236958,2024-01-05,32.43,34.174023
2024-01-04,32.58,33.551258,2024-01-05,32.43,33.579933,2024-01-08,31.68,33.533287
2024-01-05,32.43,32.966667,2024-01-08,31.68,33.00688,2024-01-09,31.15,32.969776
2024-01-08,31.68,32.677944,2024-01-09,31.15,32.7115,2024-01-10,30.35,32.66163
2024-01-09,31.15,31.993793,2024-01-10,30.35,32.07353,2024-01-11,30.86,31.981962
2024-01-10,30.35,31.497587,2024-01-11,30.86,31.601963,2024-01-12,30.43,31.48583
2024-01-11,30.86,30.715458,2024-01-12,30.43,30.846567,2024-01-15,30.5,30.730343
2024-01-12,30.43,31.03051,2024-01-15,30.5,31.092525,2024-01-16,30.67,30.988222
2024-01-15,30.5,30.670773,2024-01-16,30.67,30.76575,2024-01-17,30.98,30.648409
2024-01-16,30.67,30.752615,2024-01-17,30.98,30.828323,2024-01-18,31.63,30.712214
2024-01-17,30.98,30.873587,2024-01-18,31.63,30.935158,2024-01-19,31.68,30.834366
2024-01-18,31.63,31.249094,2024-01-19,31.68,31.292938,2024-01-22,30.89,31.191412
2024-01-19,31.68,31.860556,2024-01-22,30.89,31.899687,2024-01-23,30.74,31.791336
2024-01-22,30.89,31.952148,2024-01-23,30.74,32.005497,2024-01-24,31.38,31.898653
2024-01-23,30.74,31.365,2024-01-24,31.38,31.449902,2024-01-25,32.06,31.335667
2024-01-24,31.38,31.146738,2024-01-25,32.06,31.225693,2024-01-26,31.7,31.119665
2024-01-25,32.06,31.548233,2024-01-26,31.7,31.585627,2024-01-29,31.5,31.495327
2024-01-26,31.7,32.12591,2024-01-29,31.5,32.142056,2024-01-30,31.82,32.044975
2024-01-29,31.5,31.95665,2024-01-30,31.82,31.997705,2024-01-31,31.92,31.89143
2024-01-30,31.82,31.821686,2024-01-31,31.92,31.853495,2024-02-01,31.88,31.774893
2024-01-31,31.92,32.162968,2024-02-01,31.88,32.16407,2024-02-02,31.08,32.109463
2024-02-01,31.88,32.233765,2024-02-02,31.08,32.237274,2024-02-05,31.1,32.194138
2024-02-02,31.08,32.19208,2024-02-05,31.1,32.190784,2024-02-06,32.55,32.15342
2024-02-05,31.1,31.550854,2024-02-06,32.55,31.5821,2024-02-07,32.93,31.55193
2024-02-06,32.55,31.494347,2024-02-07,32.93,31.523954,2024-02-08,33.65,31.484821
2024-02-07,32.93,32.601006,2024-02-08,33.65,32.5775,2024-02-19,33.8,32.546745
2024-02-08,33.65,33.018013,2024-02-19,33.8,33.00811,2024-02-20,33.91,32.95862
2024-02-19,33.8,33.727673,2024-02-20,33.91,33.71806,2024-02-21,33.98,33.664307
2024-02-20,33.91,33.944023,2024-02-21,33.98,33.91177,2024-02-22,34.32,33.889843
2024-02-21,33.98,33.990814,2024-02-22,34.32,33.934307,2024-02-23,34.59,33.944256
2024-02-22,34.32,34.01997,2024-02-23,34.59,33.948235,2024-02-26,34.29,33.973106
2024-02-23,34.59,34.265778,2024-02-26,34.29,34.17178,2024-02-27,34.95,34.196323
2024-02-26,34.29,34.4869,2024-02-27,34.95,34.381157,2024-02-28,34.5,34.40043
2024-02-27,34.95,34.344097,2024-02-28,34.5,34.24657,2024-02-29,34.95,34.27043
2024-02-28,34.5,34.879093,2024-02-29,34.95,34.799606,2024-03-01,35.68,34.80247
2024-02-29,34.95,34.669987,2024-03-01,35.68,34.603508,2024-03-04,35.0,34.634068
2024-03-01,35.68,35.00125,2024-03-04,35.0,34.934402,2024-03-05,35.52,34.947533
2024-03-04,35.0,35.611813,2024-03-05,35.52,35.53664,2024-03-06,34.42,35.549217
2024-03-05,35.52,35.242767,2024-03-06,34.42,35.180565,2024-03-07,33.95,35.216484
2024-03-06,34.42,35.73959,2024-03-07,33.95,35.717,2024-03-08,33.93,35.7252
2024-03-07,33.95,34.755787,2024-03-08,33.93,34.743355,2024-03-11,34.2,34.787296
2024-03-08,33.93,34.218548,2024-03-11,34.2,34.201866,2024-03-12,34.35,34.23155
2024-03-11,34.2,33.99994,2024-03-12,34.35,33.97474,2024-03-13,34.01,33.982964
2024-03-12,34.35,34.186573,2024-03-13,34.01,34.14929,2024-03-14,33.47,34.126102
2024-03-13,34.01,34.371628,2024-03-14,33.47,34.34559,2024-03-15,33.26,34.291477
2024-03-14,33.47,34.196358,2024-03-15,33.26,34.185856,2024-03-18,33.51,34.122555
2024-03-15,33.26,33.78133,2024-03-18,33.51,33.78738,2024-03-19,33.32,33.72992
2024-03-18,33.51,33.598816,2024-03-19,33.32,33.610382,2024-03-20,33.47,33.55214
2024-03-19,33.32,33.777817,2024-03-20,33.47,33.781395,2024-03-21,33.36,33.70846
2024-03-20,33.47,33.639694,2024-03-21,33.36,33.649784,2024-03-22,32.73,33.563515
2024-03-21,33.36,33.77541,2024-03-22,32.73,33.789288,2024-03-25,32.65,33.685875
2024-03-22,32.73,33.704082,2024-03-25,32.65,33.73569,2024-03-26,32.35,33.623917
2024-03-25,32.65,33.24054,2024-03-26,32.35,33.300465,2024-03-27,32.45,33.18063
2024-03-26,32.35,33.099785,2024-03-27,32.45,33.16461,2024-03-28,32.55,33.040054
2024-03-27,32.45,32.780308,2024-03-28,32.55,32.856667,2024-03-29,32.16,32.726868
2024-03-28,32.55,32.84545,2024-03-29,32.16,32.90721,2024-04-01,32.85,32.76622
2024-03-29,32.16,32.92635,2024-04-01,32.85,32.983013,2024-04-02,32.19,32.83528
2024-04-01,32.85,32.652775,2024-04-02,32.19,32.736744,2024-04-03,31.78,32.579617
2024-04-02,32.19,33.22899,2024-04-03,31.78,33.276184,2024-04-08,31.6,33.131638
2024-04-03,31.78,32.74164,2024-04-08,31.6,32.81423,2024-04-09,31.84,32.67344
2024-04-08,31.6,32.38277,2024-04-09,31.84,32.465363,2024-04-10,31.18,32.3246
2024-04-09,31.84,32.08054,2024-04-10,31.18,32.15569,2024-04-11,31.24,32.03377
2024-04-10,31.18,32.202896,2024-04-11,31.24,32.258995,2024-04-12,30.92,32.138336
2024-04-11,31.24,31.659557,2024-04-12,30.92,31.760302,2024-04-15,31.19,31.614279
2024-04-12,30.92,31.631857,2024-04-15,31.19,31.720701,2024-04-16,31.56,31.57761
2024-04-15,31.19,31.346113,2024-04-16,31.56,31.44911,2024-04-17,32.11,31.30756
2024-04-16,31.56,31.565145,2024-04-17,32.11,31.64254,2024-04-18,31.97,31.503155
2024-04-17,32.11,31.96007,2024-04-18,31.97,32.028038,2024-04-19,32.1,31.880842
2024-04-18,31.97,32.475197,2024-04-19,32.1,32.514816,2024-04-22,32.85,32.392017
2024-04-19,32.1,32.436165,2024-04-22,32.85,32.483852,2024-04-23,32.6,32.368713
2024-04-22,32.85,32.53097,2024-04-23,32.6,32.565968,2024-04-24,32.51,32.472076
2024-04-23,32.6,33.22151,2024-04-24,32.51,33.24329,2024-04-25,32.64,33.158676
2024-04-24,32.51,32.998615,2024-04-25,32.64,33.018097,2024-04-26,32.87,32.952854
2024-04-25,32.64,32.872673,2024-04-26,32.87,32.885303,2024-04-29,33.26,32.822575
2024-04-26,32.87,32.90735,2024-04-29,33.26,32.89933,2024-04-30,33.11,32.85465
2024-04-29,33.26,33.153202,2024-04-30,33.11,33.142097,2024-05-06,33.76,33.09553
2024-04-30,33.11,33.51586,2024-05-06,33.76,33.505337,2024-05-07,33.63,33.45397
2024-05-06,33.76,33.368645,2024-05-07,33.63,33.328907,2024-05-08,32.74,33.310204
2024-05-07,33.63,33.961018,2024-05-08,32.74,33.901596,2024-05-09,33.05,33.889263
2024-05-08,32.74,33.836506,2024-05-09,33.05,33.753315,2024-05-10,33.17,33.772594
2024-05-09,33.05,33.22207,2024-05-10,33.17,33.178864,2024-05-13,33.22,33.202663
2024-05-10,33.17,33.29686,2024-05-13,33.22,33.237568,2024-05-14,33.53,33.259277
2024-05-13,33.22,33.35866,2024-05-14,33.53,33.304214,2024-05-15,33.21,33.312344
2024-05-14,33.53,33.3993,2024-05-15,33.21,33.354313,2024-05-16,33.09,33.33481
2024-05-15,33.21,33.663177,2024-05-16,33.09,33.61485,2024-05-17,33.69,33.583214
2024-05-16,33.09,33.47206,2024-05-17,33.69,33.43805,2024-05-20,33.88,33.41251
2024-05-17,33.69,33.40288,2024-05-20,33.88,33.373325,2024-05-21,32.92,33.34287
2024-05-20,33.88,33.836678,2024-05-21,32.92,33.77786,2024-05-22,33.03,33.746704
2024-05-21,32.92,34.09784,2024-05-22,33.03,34.03625,2024-05-23,32.48,34.001892
2024-05-22,33.03,33.36957,2024-05-23,32.48,33.357533,2024-05-24,32.48,33.32228
2024-05-23,32.48,33.329132,2024-05-24,32.48,33.314037,2024-05-27,32.58,33.271175
2024-05-24,32.48,32.850117,2024-05-27,32.58,32.85691,2024-05-28,32.59,32.813637
2024-05-27,32.58,32.789814,2024-05-28,32.59,32.809383,2024-05-29,32.7,32.733955
2024-05-28,32.59,32.83643,2024-05-29,32.7,32.868317,2024-05-30,32.66,32.768818
2024-05-29,32.7,32.864685,2024-05-30,32.66,32.879387,2024-05-31,32.61,32.783554
2024-05-30,32.66,32.977203,2024-05-31,32.61,32.9877,2024-06-03,32.66,32.886673
2024-05-31,32.61,32.970634,2024-06-03,32.66,32.98272,2024-06-04,32.95,32.88559
2024-06-03,32.66,32.965076,2024-06-04,32.95,32.975975,2024-06-05,33.42,32.88356
2024-06-04,32.95,33.018673,2024-06-05,33.42,33.03113,2024-06-06,33.12,32.937347
2024-06-05,33.42,33.322506,2024-06-06,33.12,33.32343,2024-06-07,33.12,33.222828
2024-06-06,33.12,33.80206,2024-06-07,33.12,33.785538,2024-06-11,33.5,33.686565
2024-06-07,33.12,33.60063,2024-06-11,33.5,33.60257,2024-06-12,32.88,33.509804
2024-06-11,33.5,33.591335,2024-06-12,32.88,33.60055,2024-06-13,32.48,33.509224
2024-06-12,32.88,33.83699,2024-06-13,32.48,33.805103,2024-06-14,32.93,33.733967
2024-06-13,32.48,33.406506,2024-06-14,32.93,33.400978,2024-06-17,32.2,33.33397
2024-06-14,32.93,33.049202,2024-06-17,32.2,33.07085,2024-06-18,32.46,32.99395
2024-06-17,32.2,33.276108,2024-06-18,32.46,33.260464,2024-06-19,32.23,33.19728
2024-06-18,32.46,32.7339,2024-06-19,32.23,32.760147,2024-06-20,31.65,32.68647
2024-06-19,32.23,32.82801,2024-06-20,31.65,32.837746,2024-06-21,31.85,32.756805
2024-06-20,31.65,32.57657,2024-06-21,31.85,32.596233,2024-06-24,31.42,32.522636
2024-06-21,31.85,32.15601,2024-06-24,31.42,32.212276,2024-06-25,30.92,32.121365
2024-06-24,31.42,32.186344,2024-06-25,30.92,32.22398,2024-06-26,31.04,32.13553
2024-06-25,30.92,31.83847,2024-06-26,31.04,31.898792,2024-06-27,30.71,31.803175
2024-06-26,31.04,31.419783,2024-06-27,30.71,31.508465,2024-06-28,30.91,31.39348
2024-06-27,30.71,31.430782,2024-06-28,30.91,31.51222,2024-07-01,30.81,31.391598
2024-06-28,30.91,31.142262,2024-07-01,30.81,31.241316,2024-07-02,30.12,31.11315
2024-07-01,30.81,31.277437,2024-07-02,30.12,31.359543,2024-07-03,30.17,31.225164
2024-07-02,30.12,31.182407,2024-07-03,30.17,31.28058,2024-07-04,29.75,31.140558
2024-07-03,30.17,30.706274,2024-07-04,29.75,30.837723,2024-07-05,29.83,30.680397
2024-07-04,29.75,30.647257,2024-07-05,29.83,30.755816,2024-07-08,29.33,30.615734
2024-07-05,29.83,30.269913,2024-07-08,29.33,30.405643,2024-07-09,29.41,30.25669
2024-07-08,29.33,30.248695,2024-07-09,29.41,30.369461,2024-07-10,29.42,30.222082
2024-07-09,29.41,29.811316,2024-07-10,29.42,29.971144,2024-07-11,30.1,29.804522
2024-07-10,29.42,29.842722,2024-07-11,30.1,29.986801,2024-07-12,30.03,29.81729
2024-07-11,30.1,29.803726,2024-07-12,30.03,29.941254,2024-07-15,30.03,29.782743
2024-07-12,30.03,30.401325,2024-07-15,30.03,30.48632,2024-07-16,30.25,30.338978
2024-07-15,30.03,30.382694,2024-07-16,30.25,30.480923,2024-07-17,30.28,30.339863
2024-07-16,30.25,30.405298,2024-07-17,30.28,30.490387,2024-07-18,30.02,30.367716
2024-07-17,30.28,30.575317,2024-07-18,30.02,30.645826,2024-07-19,30.3,30.53678
2024-07-18,30.02,30.637058,2024-07-19,30.3,30.696995,2024-07-22,30.37,30.600193
2024-07-19,30.3,30.442593,2024-07-22,30.37,30.525574,2024-07-23,29.58,30.418743
2024-07-22,30.37,30.641298,2024-07-23,29.58,30.701885,2024-07-24,29.32,30.602419
2024-07-23,29.58,30.725298,2024-07-24,29.32,30.772621,2024-07-25,29.3,30.683737
2024-07-24,29.32,30.144852,2024-07-25,29.3,30.235596,2024-07-26,29.55,30.141716
2024-07-25,29.3,29.837908,2024-07-26,29.55,29.93499,2024-07-29,29.11,29.842274
2024-07-26,29.55,29.70582,2024-07-29,29.11,29.800407,2024-07-30,28.67,29.71844
2024-07-29,29.11,29.880451,2024-07-30,28.67,29.95268,2024-07-31,29.07,29.863155
2024-07-30,28.67,29.557625,2024-07-31,29.07,29.665438,2024-08-01,28.77,29.562534
2024-07-31,29.07,29.22448,2024-08-01,28.77,29.355082,2024-08-02,28.38,29.240015
2024-08-01,28.77,29.50713,2024-08-02,28.38,29.605793,2024-08-05,27.53,29.49496
2024-08-02,28.38,29.254456,2024-08-05,27.53,29.370789,2024-08-06,27.73,29.262182
2024-08-05,27.53,28.906174,2024-08-06,27.73,29.040205,2024-08-07,27.52,28.91806
2024-08-06,27.73,28.168928,2024-08-07,27.52,28.349213,2024-08-08,27.59,28.208508
2024-08-07,27.52,28.175755,2024-08-08,27.59,28.296473,2024-08-09,27.2,28.184877
2024-08-08,27.59,27.919546,2024-08-09,27.2,28.063639,2024-08-12,27.13,27.938585
2024-08-09,27.2,27.959269,2024-08-12,27.13,28.096853,2024-08-13,27.15,27.94594
2024-08-12,27.13,27.608606,2024-08-13,27.15,27.77435,2024-08-14,27.25,27.63529
2024-08-13,27.15,27.495548,2024-08-14,27.25,27.647528,2024-08-15,27.45,27.528069
2024-08-14,27.25,27.464607,2024-08-15,27.45,27.614275,2024-08-16,27.54,27.4943
2024-08-15,27.45,27.538658,2024-08-16,27.54,27.680183,2024-08-19,26.71,27.56316
2024-08-16,27.54,27.710606,2024-08-19,26.71,27.845459,2024-08-20,26.44,27.722935
2024-08-19,26.71,27.84091,2024-08-20,26.44,27.972445,2024-08-21,26.53,27.852814
2024-08-20,26.44,27.312082,2024-08-21,26.53,27.50778,2024-08-22,26.22,27.336294
2024-08-21,26.53,26.983358,2024-08-22,26.22,27.157442,2024-08-23,26.55,27.0227
2024-08-22,26.22,26.896221,2024-08-23,26.55,27.044294,2024-08-26,26.38,26.941492
2024-08-23,26.55,26.602274,2024-08-26,26.38,26.778389,2024-08-27,26.14,26.661724
2024-08-26,26.38,26.813593,2024-08-27,26.14,26.954147,2024-08-28,26.2,26.829807
2024-08-27,26.14,26.699528,2024-08-28,26.2,26.867558,2024-08-29,26.17,26.751802
2024-08-28,26.2,26.52094,2024-08-29,26.17,26.69929,2024-08-30,26.72,26.588776
2024-08-29,26.17,26.514309,2024-08-30,26.72,26.680641,2024-09-02,26.17,26.581966
2024-08-30,26.72,26.498186,2024-09-02,26.17,26.662376,2024-09-03,26.4,26.566448
2024-09-02,26.17,26.99653,2024-09-03,26.4,27.109295,2024-09-04,26.54,27.003773
2024-09-03,26.4,26.625471,2024-09-04,26.54,26.79618,2024-09-05,26.48,26.697262
2024-09-04,26.54,26.782787,2024-09-05,26.48,26.915192,2024-09-06,26.15,26.824888
2024-09-05,26.48,26.861652,2024-09-06,26.15,26.99217,2024-09-09,25.33,26.919447
2024-09-06,26.15,26.852804,2024-09-09,25.33,26.99265,2024-09-10,25.85,26.912151
2024-09-09,25.33,26.591297,2024-09-10,25.85,26.750666,2024-09-11,25.73,26.672709
2024-09-10,25.85,25.966887,2024-09-11,25.73,26.174715,2024-09-12,25.27,26.077318
2024-09-11,25.73,26.251705,2024-09-12,25.27,26.376616,2024-09-13,25.08,26.28922
2024-09-12,25.27,26.109985,2024-09-13,25.08,26.265125,2024-09-18,25.13,26.187813
2024-09-13,25.08,25.780382,2024-09-18,25.13,25.969378,2024-09-19,25.17,25.865547
2024-09-18,25.13,25.563686,2024-09-19,25.17,25.749826,2024-09-20,25.34,25.659218
2024-09-19,25.17,25.551067,2024-09-20,25.34,25.718529,2024-09-23,25.35,25.644995
2024-09-20,25.34,25.592384,2024-09-23,25.35,25.75679,2024-09-24,26.17,25.666395
2024-09-23,25.35,25.738852,2024-09-24,26.17,25.888271,2024-09-25,26.91,25.799377
2024-09-24,26.17,25.76614,2024-09-25,26.91,25.92157,2024-09-26,28.22,25.847427
2024-09-25,26.91,26.50286,2024-09-26,28.22,26.587637,2024-09-27,29.69,26.513647
2024-09-26,28.22,27.346283,2024-09-27,29.69,27.419975,2024-09-30,32.29,27.329231
2024-09-27,29.69,28.553333,2024-09-30,32.29,28.597633,2024-10-08,33.83,28.535957
2024-09-30,32.29,30.025738,2024-10-08,33.83,30.104046,2024-10-09,31.5,30.02788
2024-10-08,33.83,32.37559,2024-10-09,31.5,32.566746,2024-10-10,31.37,32.445377
2024-10-09,31.5,34.269054,2024-10-10,31.37,34.7148,2024-10-11,29.63,34.33003
2024-10-10,31.37,31.921253,2024-10-11,29.63,32.2372,2024-10-14,30.42,32.19807
2024-10-11,29.63,31.273558,2024-10-14,30.42,31.410963,2024-10-15,29.31,31.43148
2024-10-14,30.42,29.51299,2024-10-15,29.31,29.594856,2024-10-16,28.28,29.720335
2024-10-15,29.31,30.011566,2024-10-16,28.28,30.051876,2024-10-17,27.99,30.032692
2024-10-16,28.28,29.033747,2024-10-17,27.99,29.111572,2024-10-18,28.87,29.114094
2024-10-17,27.99,28.24826,2024-10-18,28.87,28.322948,2024-10-21,30.73,28.312946
2024-10-18,28.87,27.935125,2024-10-21,30.73,27.946465,2024-10-22,30.84,27.949686
2024-10-21,30.73,28.748596,2024-10-22,30.84,28.68183,2024-10-23,30.9,28.66867
2024-10-22,30.84,31.108112,2024-10-23,30.9,31.16313,2024-10-24,30.66,30.925982
2024-10-23,30.9,31.033192,2024-10-24,30.66,31.108679,2024-10-25,30.95,30.95451
2024-10-24,30.66,31.006159,2024-10-25,30.95,31.04021,2024-10-28,30.61,30.944078
2024-10-25,30.95,30.647058,2024-10-28,30.61,30.635157,2024-10-29,30.54,30.62416
2024-10-28,30.61,30.855892,2024-10-29,30.54,30.826033,2024-10-30,30.01,30.802385
2024-10-29,30.54,30.592876,2024-10-30,30.01,30.606302,2024-10-31,30.11,30.555147
2024-10-30,30.01,30.565628,2024-10-31,30.11,30.564781,2024-11-01,30.12,30.498184
2024-10-31,30.11,30.164528,2024-11-01,30.12,30.191977,2024-11-04,31.0,30.117159
2024-11-01,30.12,30.279976,2024-11-04,31.0,30.29034,2024-11-05,31.42,30.20056
2024-11-04,31.0,30.294256,2024-11-05,31.42,30.30794,2024-11-06,31.25,30.219662
2024-11-05,31.42,31.169588,2024-11-06,31.25,31.158175,2024-11-07,31.83,31.055399
2024-11-06,31.25,31.770092,2024-11-07,31.83,31.766977,2024-11-08,31.6,31.662296
2024-11-07,31.83,31.850204,2024-11-08,31.6,31.85122,2024-11-11,32.88,31.770582
2024-11-08,31.6,32.30624,2024-11-11,32.88,32.27997,2024-11-12,32.17,32.225285
2024-11-11,32.88,32.18378,2024-11-12,32.17,32.1681,2024-11-13,32.42,32.13687
2024-11-12,32.17,33.341866,2024-11-13,32.42,33.375484,2024-11-14,31.63,33.287354
2024-11-13,32.42,32.688538,2024-11-14,31.63,32.722057,2024-11-15,31.4,32.67379
2024-11-14,31.63,32.789764,2024-11-15,31.4,32.79287,2024-11-18,30.72,32.741478
2024-11-15,31.4,32.003895,2024-11-18,30.72,32.009014,2024-11-19,31.09,32.00123
2024-11-18,30.72,31.757967,2024-11-19,31.09,31.750854,2024-11-20,31.1,31.730433
2024-11-19,31.09,31.137653,2024-11-20,31.1,31.16376,2024-11-21,30.89,31.129894
2024-11-20,31.1,31.341846,2024-11-21,30.89,31.32334,2024-11-22,30.02,31.27912
2024-11-21,30.89,31.298605,2024-11-22,30.02,31.284407,2024-11-25,29.59,31.230663
2024-11-22,30.02,31.178762,2024-11-25,29.59,31.177643,2024-11-26,29.59,31.115566
2024-11-25,29.59,30.530611,2024-11-26,29.59,30.58333,2024-11-27,30.02,30.51194
2024-11-26,29.59,30.121685,2024-11-27,30.02,30.189611,2024-11-28,29.8,30.120768
2024-11-27,30.02,29.999313,2024-11-28,29.8,30.05735,2024-11-29,30.08,29.985329
2024-11-28,29.8,30.333525,2024-11-29,30.08,30.374947,2024-12-02,30.23,30.273172
2024-11-29,30.08,30.232586,2024-12-02,30.23,30.305798,2024-12-03,29.99,30.17725
2024-12-02,30.23,30.500502,2024-12-03,29.99,30.571043,2024-12-04,29.67,30.433113
2024-12-03,29.99,30.728506,2024-12-04,29.67,30.806787,2024-12-05,29.72,30.659374
2024-12-04,29.67,30.572815,2024-12-05,29.72,30.663256,2024-12-06,30.64,30.524925
2024-12-05,29.72,30.27473,2024-12-06,30.64,30.371185,2024-12-09,31.27,30.240116
2024-12-06,30.64,30.246296,2024-12-09,31.27,30.325706,2024-12-10,31.97,30.20339
2024-12-09,31.27,31.098257,2024-12-10,31.97,31.133999,2024-12-11,31.51,30.995977
2024-12-10,31.97,31.832626,2024-12-11,31.51,31.881407,2024-12-12,31.58,31.723953
2024-12-11,31.51,32.79898,2024-12-12,31.58,32.893864,2024-12-13,30.81,32.70738
2024-12-12,31.58,32.29831,2024-12-13,30.81,32.37053,2024-12-16,30.4,32.268276
2024-12-13,30.81,32.185772,2024-12-16,30.4,32.197365,2024-12-17,30.5,32.14913
2024-12-16,30.4,31.459736,2024-12-17,30.5,31.481012,2024-12-18,31.0,31.463121
2024-12-17,30.5,30.967062,2024-12-18,31.0,30.982489,2024-12-19,31.04,30.96601
2024-12-18,31.0,30.865465,2024-12-19,31.04,30.871462,2024-12-20,30.88,30.838278
2024-12-19,31.04,31.27701,2024-12-20,30.88,31.267046,2024-12-23,30.72,31.207474
2024-12-20,30.88,31.313936,2024-12-23,30.72,31.326065,2024-12-24,30.74,31.254042
2024-12-23,30.72,31.23712,2024-12-24,30.74,31.260853,2024-12-25,31.25,31.196419
2024-12-24,30.74,31.158497,2024-12-25,31.25,31.182104,2024-12-26,31.5,31.130926
2024-12-25,31.25,31.20533,2024-12-26,31.5,31.216204,2024-12-27,31.06,31.173523
2024-12-26,31.5,31.682358,2024-12-27,31.06,31.676722,2024-12-30,31.02,31.619623
2024-12-27,31.06,31.949732,2024-12-30,31.02,31.94836,2024-12-31,30.7,31.88411
2024-12-30,31.02,31.61634,2024-12-31,30.7,31.636011,2025-01-02,29.6,31.57619
2024-12-31,30.7,31.504374,2025-01-02,29.6,31.53184,2025-01-03,28.83,31.468239
2025-01-02,29.6,31.259048,2025-01-03,28.83,31.312672,2025-01-06,28.32,31.232014
2025-01-03,28.83,30.322018,2025-01-06,28.32,30.428017,2025-01-07,28.41,30.332682
2025-01-06,28.32,29.51956,2025-01-07,28.41,29.64813,2025-01-08,28.09,29.539787
2025-01-07,28.41,28.899738,2025-01-08,28.09,29.037626,2025-01-09,28.13,28.92212
2025-01-08,28.09,28.806984,2025-01-09,28.13,28.914509,2025-01-10,27.8,28.788023
2025-01-09,28.13,28.488163,2025-01-10,27.8,28.63273,2025-01-13,27.67,28.470463
2025-01-10,27.8,28.486002,2025-01-13,27.67,28.611855,2025-01-14,28.36,28.459518
2025-01-13,27.67,28.20217,2025-01-14,28.36,28.350815,2025-01-15,28.1,28.212845
2025-01-14,28.36,28.094187,2025-01-15,28.1,28.237011,2025-01-16,28.13,28.098577
2025-01-15,28.1,28.695549,2025-01-16,28.13,28.774948,2025-01-17,28.2,28.636358
2025-01-16,28.13,28.541628,2025-01-17,28.2,28.657902,2025-01-20,28.28,28.518906
2025-01-17,28.2,28.570934,2025-01-20,28.28,28.68568,2025-01-21,28.39,28.542603
2025-01-20,28.28,28.57232,2025-01-21,28.39,28.68954,2025-01-22,28.46,28.564743
2025-01-21,28.39,28.676512,2025-01-22,28.46,28.792568,2025-01-23,28.63,28.659512
2025-01-22,28.46,28.755295,2025-01-23,28.63,28.871843,2025-01-24,29.02,28.738815
2025-01-23,28.63,28.858898,2025-01-24,29.02,28.971466,2025-01-27,29.03,28.837769
2025-01-24,29.02,29.070301,2025-01-27,29.03,29.15812,2025-02-05,30.0,29.036373
2025-01-27,29.03,29.447414,2025-02-05,30.0,29.503187,2025-02-06,30.37,29.400728
2025-02-05,30.0,29.511898,2025-02-06,30.37,29.55941,2025-02-07,30.88,29.484015
2025-02-06,30.37,30.499096,2025-02-07,30.88,30.507109,2025-02-10,31.05,30.436298
2025-02-07,30.88,30.880789,2025-02-10,31.05,30.888317,2025-02-11,31.22,30.844707
2025-02-10,31.05,31.480076,2025-02-11,31.22,31.48911,2025-02-12,30.91,31.451254
2025-02-11,31.22,31.579523,2025-02-12,30.91,31.559368,2025-02-13,30.49,31.573893
2025-02-12,30.91,31.724476,2025-02-13,30.49,31.679703,2025-02-14,31.54,31.72452
2025-02-13,30.49,31.451574,2025-02-14,31.54,31.394596,2025-02-17,31.58,31.468903
2025-02-14,31.54,31.036371,2025-02-17,31.58,30.981863,2025-02-18,32.1,31.063461
2025-02-17,31.58,31.834818,2025-02-18,32.1,31.780342,2025-02-19,32.25,31.815052
2025-02-18,32.1,31.858269,2025-02-19,32.25,31.80477,2025-02-20,32.09,31.841452
2025-02-19,32.25,32.546703,2025-02-20,32.09,32.576515,2025-02-21,32.69,32.53691
2025-02-20,32.09,32.539936,2025-02-21,32.69,32.536118,2025-02-24,31.85,32.545162
2025-02-21,32.69,32.37103,2025-02-24,31.85,32.322624,2025-02-25,31.1,32.3733
2025-02-24,31.85,32.870945,2025-02-25,31.1,32.818344,2025-02-26,31.21,32.84704
2025-02-25,31.1,32.41824,2025-02-26,31.21,32.437477,2025-02-27,30.95,32.43492
2025-02-26,31.21,31.69169,2025-02-27,30.95,31.713306,2025-02-28,30.14,31.717411
2025-02-27,30.95,31.531717,2025-02-28,30.14,31.515049,2025-03-03,30.52,31.523008
2025-02-28,30.14,31.223166,2025-03-03,30.52,31.222176,2025-03-04,30.85,31.205572
2025-03-03,30.52,30.531422,2025-03-04,30.85,30.575254,2025-03-05,31.16,30.528633
2025-03-04,30.85,30.748787,2025-03-05,31.16,30.756096,2025-03-06,33.6,30.693604
2025-03-05,31.16,31.039892,2025-03-06,33.6,31.03757,2025-03-07,33.56,30.967794
2025-03-06,33.6,31.404305,2025-03-07,33.56,31.394247,2025-03-10,33.63,31.306938
2025-03-07,33.56,34.194065,2025-03-10,33.63,34.33047,2025-03-11,33.13,34.148186
2025-03-10,33.63,34.087425,2025-03-11,33.13,34.254387,2025-03-12,33.28,34.07088
2025-03-11,33.13,33.902782,2025-03-12,33.28,34.013245,2025-03-13,33.16,33.884438
2025-03-12,33.28,33.16458,2025-03-13,33.16,33.21175,2025-03-14,33.35,33.172535
2025-03-13,33.16,33.102932,2025-03-14,33.35,33.077496,2025-03-17,33.35,33.072594
2025-03-14,33.35,32.89097,2025-03-17,33.35,32.855007,2025-03-18,33.37,32.840687
2025-03-17,33.35,33.099403,2025-03-18,33.37,33.06108,2025-03-19,33.3,33.016144
2025-03-18,33.37,33.15589,2025-03-19,33.3,33.101276,2025-03-20,31.89,33.063393
2025-03-19,33.3,33.28836,2025-03-20,31.89,33.22036,2025-03-21,31.33,33.191273
2025-03-20,31.89,33.29238,2025-03-21,31.33,33.2147,2025-03-24,31.41,33.200207
2025-03-21,31.33,32.38679,2025-03-24,31.41,32.391235,2025-03-25,31.24,32.38859
2025-03-24,31.41,31.821445,2025-03-25,31.24,31.82152,2025-03-26,31.0,31.828398
2025-03-25,31.24,31.713154,2025-03-26,31.0,31.695044,2025-03-27,31.08,31.693241
2025-03-26,31.0,31.521606,2025-03-27,31.08,31.521008,2025-03-28,30.97,31.484663
2025-03-27,31.08,31.303236,2025-03-28,30.97,31.368149,2025-03-31,30.7,31.270048
2025-03-28,30.97,31.362019,2025-03-31,30.7,31.43713,2025-04-01,30.46,31.317734
2025-03-31,30.7,31.278572,2025-04-01,30.46,31.366741,2025-04-02,30.33,31.236313
2025-04-01,30.46,31.138073,2025-04-02,30.33,31.24784,2025-04-03,29.91,31.08559
2025-04-02,30.33,30.948063,2025-04-03,29.91,31.067142,2025-04-07,27.89,30.897366
2025-04-03,29.91,30.796236,2025-04-07,27.89,30.908869,2025-04-08,28.09,30.745625
2025-04-07,27.89,30.457355,2025-04-08,28.09,30.608744,2025-04-09,28.17,30.41636
2025-04-08,28.09,28.710344,2025-04-09,28.17,29.001266,2025-04-10,28.83,28.754122
2025-04-09,28.17,28.61776,2025-04-10,28.83,28.768906,2025-04-11,28.5,28.578339
2025-04-10,28.83,28.52662,2025-04-11,28.5,28.647057,2025-04-14,28.7,28.468256
2025-04-11,28.5,29.098148,2025-04-14,28.7,29.13694,2025-04-15,28.58,28.968056
2025-04-14,28.7,28.83911,2025-04-15,28.58,28.940268,2025-04-16,28.36,28.757442
2025-04-15,28.58,29.033777,2025-04-16,28.36,29.100067,2025-04-17,28.21,28.970598
2025-04-16,28.36,28.892689,2025-04-17,28.21,28.979376,2025-04-18,28.37,28.872929
2025-04-17,28.21,28.708616,2025-04-18,28.37,28.806997,2025-04-21,28.88,28.695757
2025-04-18,28.37,28.519209,2025-04-21,28.88,28.626148,2025-04-22,28.49,28.513206
2025-04-21,28.88,28.585512,2025-04-22,28.49,28.673403,2025-04-23,28.48,28.572021
2025-04-22,28.49,29.094992,2025-04-23,28.48,29.17886,2025-04-24,28.33,29.04453
2025-04-23,28.48,28.867678,2025-04-24,28.33,28.994047,2025-04-25,28.18,28.858408
2025-04-24,28.33,28.871914,2025-04-25,28.18,28.98697,2025-04-28,28.06,28.862862
2025-04-25,28.18,28.734743,2025-04-28,28.06,28.852396,2025-04-29,28.14,28.74865
2025-04-28,28.06,28.627716,2025-04-29,28.14,28.731794,2025-04-30,28.21,28.637163
2025-04-29,28.14,28.489605,2025-04-30,28.21,28.594763,2025-05-06,28.83,28.50707
2025-04-30,28.21,28.50494,2025-05-06,28.83,28.597189,2025-05-07,28.84,28.523771
2025-05-06,28.83,28.562708,2025-05-07,28.84,28.665192,2025-05-08,28.92,28.578644
2025-05-07,28.84,29.140726,2025-05-08,28.92,29.20635,2025-05-09,28.65,29.115088
2025-05-08,28.92,29.256327,2025-05-09,28.65,29.330404,2025-05-12,28.94,29.247654
2025-05-09,28.65,29.360676,2025-05-12,28.94,29.421463,2025-05-13,28.82,29.359283
2025-05-12,28.94,29.145298,2025-05-13,28.82,29.211138,2025-05-14,29.01,29.169107
2025-05-13,28.82,29.394386,2025-05-14,29.01,29.432695,2025-05-15,28.79,29.3896
2025-05-14,29.01,29.32271,2025-05-15,28.79,29.37171,2025-05-16,28.8,29.32675
2025-05-15,28.79,29.482784,2025-05-16,28.8,29.531862,2025-05-19,28.77,29.473135
2025-05-16,28.8,29.28731,2025-05-19,28.77,29.34698,2025-05-20,28.18,29.29977
2025-05-19,28.77,29.265787,2025-05-20,28.18,29.319756,2025-05-21,28.48,29.275145
2025-05-20,28.18,29.2275,2025-05-21,28.48,29.283167,2025-05-22,28.31,29.23675
2025-05-21,28.48,28.76264,2025-05-22,28.31,28.864439,2025-05-23,28.18,28.806887
2025-05-22,28.31,28.958319,2025-05-23,28.18,29.028788,2025-05-26,28.24,28.960157
2025-05-23,28.18,28.795597,2025-05-26,28.24,28.880169,2025-05-27,28.11,28.820564
2025-05-26,28.24,28.709978,2025-05-27,28.11,28.80513,2025-05-28,28.01,28.724903
2025-05-27,28.11,28.708275,2025-05-28,28.01,28.811054,2025-05-29,28.28,28.726442
2025-05-28,28.01,28.59888,2025-05-29,28.28,28.713186,2025-05-30,28.13,28.628263
2025-05-29,28.28,28.503721,2025-05-30,28.13,28.627028,2025-06-03,28.04,28.530306
2025-05-30,28.13,28.7276,2025-06-03,28.04,28.827557,2025-06-04,28.25,28.722935
2025-06-03,28.04,28.623549,2025-06-04,28.25,28.739822,2025-06-05,28.48,28.63755
2025-06-04,28.25,28.5737,2025-06-05,28.48,28.693455,2025-06-06,28.55,28.578995
2025-06-05,28.48,28.725279,2025-06-06,28.55,28.834719,2025-06-09,28.45,28.720804
2025-06-06,28.55,28.964874,2025-06-09,28.45,29.05866,2025-06-10,28.13,28.945864
2025-06-09,28.45,29.077564,2025-06-10,28.13,29.16818,2025-06-11,28.12,29.05746
2025-06-10,28.13,29.082119,2025-06-11,28.12,29.179392,2025-06-12,27.99,29.065414
2025-06-11,28.12,28.86538,2025-06-12,27.99,28.967018,2025-06-13,27.76,28.864677
2025-06-12,27.99,28.803923,2025-06-13,27.76,28.899836,2025-06-16,27.59,28.80349
2025-06-13,27.76,28.665478,2025-06-16,27.59,28.771706,2025-06-17,27.62,28.66852
2025-06-16,27.59,28.455564,2025-06-17,27.62,28.574081,2025-06-18,27.65,28.46293
2025-06-17,27.62,28.287697,2025-06-18,27.65,28.418514,2025-06-19,27.45,28.291967
2025-06-18,27.65,28.20951,2025-06-19,27.45,28.32404,2025-06-20,27.26,28.223486
2025-06-19,27.45,28.183735,2025-06-20,27.26,28.296476,2025-06-23,27.32,28.19737
2025-06-20,27.26,28.041895,2025-06-23,27.32,28.181019,2025-06-24,27.61,28.060352
2025-06-23,27.32,27.856123,2025-06-24,27.61,28.003412,2025-06-25,27.81,27.888254
2025-06-24,27.61,27.851074,2025-06-25,27.81,27.988625,2025-06-26,27.59,27.876425
2025-06-25,27.81,28.094917,2025-06-26,27.59,28.215656,2025-06-27,27.64,28.090425
2025-06-26,27.59,28.314346,2025-06-27,27.64,28.433197,2025-06-30,27.73,28.29816
2025-06-27,27.64,28.205343,2025-06-30,27.73,28.340075,2025-07-01,27.53,28.205841
